strategy,total_return,annualized_return,annualized_volatility,sharpe_ratio,max_drawdown
Buy and Hold,-0.020772568433313876,-0.4107955869370715,0.16432454166479174,-3.1333865439445256,-0.05714285714285727
MA Crossover,-0.03053215811373089,-0.5422357479835845,0.10072137825638337,-7.69509122682838,-0.03053215811373089
