strategy,total_return,annualized_return,annualized_volatility,sharpe_ratio,max_drawdown
Buy and Hold,0.2204945864173451,0.8732163977935643,0.13902654098167463,4.589861701039313,-0.15083467502754033
MA Crossover,0.01147433453431157,0.03659195049800612,0.09121804471924982,0.43961755908782274,-0.07549817288434535
